joint,optimal_min_range1,optimal_max_range1,optimal_min_range2,optimal_max_range2
right_elbow_angle,46.05955939041939,184.09592251197333,,
right_shoulder_angle,0.1100607366117584,91.97923064843565,320.0508257901941,359.95649992758865
right_hip_angle,98.48171149528696,189.91849577529592,,
right_knee_angle,163.57334522859807,188.70922644080295,,
right_ankle_angle,80.11735861573224,155.8979237206852,,
